{
    "last_league_message_id": 62726,
    "league_stats": {
        "VALHALLA CUP": {
            "ht": {
                "o05": 80,
                "o15": 60,
                "o25": 60,
                "btts": 60
            },
            "ft": {
                "o15": 100,
                "o25": 100,
                "btts": 100
            },
            "count": 5
        },
        "CLA 10 MIN": {
            "ht": {
                "o05": 100,
                "o15": 100,
                "o25": 80,
                "btts": 100
            },
            "ft": {
                "o15": 100,
                "o25": 100,
                "btts": 100
            },
            "count": 5
        },
        "VALKYRIE CUP": {
            "ht": {
                "o05": 100,
                "o15": 100,
                "o25": 100,
                "btts": 60
            },
            "ft": {
                "o15": 100,
                "o25": 100,
                "btts": 100
            },
            "count": 5
        }
    },
    "last_league_update_time": 1771612090.7636008,
    "last_summary": null,
    "sent_match_ids": [
        "15678302_HT",
        "15669072_HT",
        "15644475"
    ],
    "sent_tips": [
        {
            "event_id": "15669072",
            "strategy": "\u26bd +1.5 GOLS HT",
            "sent_time": "2026-02-20T14:31:17.058189-04:00",
            "status": "pending",
            "message_id": 62727,
            "message_text": "\u2501\u2501\u2501\u2501\u2501\u2501\u2501\u2501\u2501\u2501\u2501\u2501\u2501\u2501\u2501\u2501\u2501\u2501\u2501\u2501\n\ud83c\udfaf <b>OPORTUNIDADE DETECTADA</b>\n\u2501\u2501\u2501\u2501\u2501\u2501\u2501\u2501\u2501\u2501\u2501\u2501\u2501\u2501\u2501\u2501\u2501\u2501\u2501\u2501\n\n\u2744\ufe0f <b>Confidence: 65%</b> | \u2744\ufe0f STABLE\n\n\ud83c\udfc6 <b>CLA-UA Italy Cyber Cup (UA)</b>\n\ud83d\udc8e <b>\u26bd +1.5 GOLS HT</b>\n\n\u23f1\ufe0f Tempo: 01:15 | \ud83d\udcca Placar: 0-0\n\ud83c\udfae <b>palkan</b> vs <b>djamik</b>\n\n\u2501\u2501\u2501\u2501\u2501\u2501\u2501\u2501\u2501\u2501\u2501\u2501\u2501\u2501\u2501\u2501\u2501\u2501\u2501\u2501\n\ud83d\udcc8 <b>AN\u00c1LISE - \u00daLTIMOS 5 JOGOS</b>\n\u2501\u2501\u2501\u2501\u2501\u2501\u2501\u2501\u2501\u2501\u2501\u2501\u2501\u2501\u2501\u2501\u2501\u2501\u2501\u2501\n\n\ud83c\udfe0 <b>palkan</b> (Conf: 70%)\n\u251c HT: +0.5 (100%) \u2022 +1.5 (100%)\n\u251c FT: M\u00e9dia 4.8 gols/jogo\n\u2514 Gols +3: 100% dos jogos\n\n\u2708\ufe0f <b>djamik</b> (Conf: 60%)\n\u251c HT: +0.5 (100%) \u2022 +1.5 (100%)\n\u251c FT: M\u00e9dia 5.4 gols/jogo\n\u2514 Gols +3: 100% dos jogos\n\n\ud83d\udd25 <b>BTTS M\u00e9dio:</b> 100%\n\n\u2501\u2501\u2501\u2501\u2501\u2501\u2501\u2501\u2501\u2501\u2501\u2501\u2501\u2501\u2501\u2501\u2501\u2501\u2501\u2501\n\ud83c\udfb2 <a href='https://www.estrelabet.bet.br/apostas-ao-vivo?page=liveEvent&eventId=15669072&sportId=66'><b>CONFRONTO</b></a>\n\u2501\u2501\u2501\u2501\u2501\u2501\u2501\u2501\u2501\u2501\u2501\u2501\u2501\u2501\u2501\u2501\u2501\u2501\u2501\u2501\n",
            "home_player": "palkan",
            "away_player": "djamik"
        },
        {
            "event_id": "15678302",
            "strategy": "\u26bd +0.5 GOL HT",
            "sent_time": "2026-02-20T14:32:31.494876-04:00",
            "status": "pending",
            "message_id": 62728,
            "message_text": "\u2501\u2501\u2501\u2501\u2501\u2501\u2501\u2501\u2501\u2501\u2501\u2501\u2501\u2501\u2501\u2501\u2501\u2501\u2501\u2501\n\ud83c\udfaf <b>OPORTUNIDADE DETECTADA</b>\n\u2501\u2501\u2501\u2501\u2501\u2501\u2501\u2501\u2501\u2501\u2501\u2501\u2501\u2501\u2501\u2501\u2501\u2501\u2501\u2501\n\n\u2744\ufe0f <b>Confidence: 65%</b> | \u2744\ufe0f STABLE\n\n\ud83c\udfc6 <b>CLA-UA Italy Cyber Cup (UA)</b>\n\ud83d\udc8e <b>\u26bd +0.5 GOL HT</b>\n\n\u23f1\ufe0f Tempo: 02:30 | \ud83d\udcca Placar: 0-0\n\ud83c\udfae <b>SuperMario</b> vs <b>Terry14</b>\n\n\u2501\u2501\u2501\u2501\u2501\u2501\u2501\u2501\u2501\u2501\u2501\u2501\u2501\u2501\u2501\u2501\u2501\u2501\u2501\u2501\n\ud83d\udcc8 <b>AN\u00c1LISE - \u00daLTIMOS 5 JOGOS</b>\n\u2501\u2501\u2501\u2501\u2501\u2501\u2501\u2501\u2501\u2501\u2501\u2501\u2501\u2501\u2501\u2501\u2501\u2501\u2501\u2501\n\n\ud83c\udfe0 <b>SuperMario</b> (Conf: 60%)\n\u251c HT: +0.5 (100%) \u2022 +1.5 (80%)\n\u251c FT: M\u00e9dia 2.8 gols/jogo\n\u2514 Gols +3: 80% dos jogos\n\n\u2708\ufe0f <b>Terry14</b> (Conf: 70%)\n\u251c HT: +0.5 (100%) \u2022 +1.5 (60%)\n\u251c FT: M\u00e9dia 4.0 gols/jogo\n\u2514 Gols +3: 80% dos jogos\n\n\ud83d\udd25 <b>BTTS M\u00e9dio:</b> 100%\n\n\u2501\u2501\u2501\u2501\u2501\u2501\u2501\u2501\u2501\u2501\u2501\u2501\u2501\u2501\u2501\u2501\u2501\u2501\u2501\u2501\n\ud83c\udfb2 <a href='https://www.estrelabet.bet.br/apostas-ao-vivo?page=liveEvent&eventId=15678302&sportId=66'><b>CONFRONTO</b></a>\n\u2501\u2501\u2501\u2501\u2501\u2501\u2501\u2501\u2501\u2501\u2501\u2501\u2501\u2501\u2501\u2501\u2501\u2501\u2501\u2501\n",
            "home_player": "SuperMario",
            "away_player": "Terry14"
        }
    ]
}